TEAM_ABBREVIATION,GAMES_PLAYED,TOTAL_PTS,TOTAL_REB,TOTAL_AST,TOTAL_STL,TOTAL_BLK,TOTAL_TO,AVG_PTS,AVG_REB,AVG_AST,AVG_PLUS_MINUS,AVG_EFFICIENCY,AST_TO_RATIO
NYK,5,522.0,226.0,104.0,37.0,24.0,56.0,9.666666666666666,4.185185185185185,1.9259259259259258,1.1111111111111112,10.685185185185185,1.8571428571428572
SAS,5,510.0,222.0,108.0,34.0,29.0,60.0,10.851063829787234,4.723404255319149,2.297872340425532,-1.2765957446808511,12.063829787234043,1.8
